Source;Target;Type;Weight
1;311;Undirected;1
2;3;Undirected;1
4;5;Undirected;2
4;111;Undirected;8
5;111;Undirected;2
6;2;Undirected;6
6;4;Undirected;4
2;4;Undirected;16
257;145;Undirected;1
257;159;Undirected;1
257;2;Undirected;4
145;159;Undirected;2
145;2;Undirected;11
159;2;Undirected;9
7;315;Undirected;2
7;8;Undirected;1
7;141;Undirected;1
315;8;Undirected;1
315;141;Undirected;1
8;141;Undirected;1
9;313;Undirected;1
10;2;Undirected;4
7;2;Undirected;2
7;125;Undirected;1
2;125;Undirected;6
11;12;Undirected;6
10;125;Undirected;1
13;119;Undirected;1
13;111;Undirected;6
119;111;Undirected;5
7;14;Undirected;1
14;2;Undirected;5
131;12;Undirected;2
131;15;Undirected;4
131;2;Undirected;5
131;317;Undirected;1
12;15;Undirected;3
12;2;Undirected;14
12;317;Undirected;1
15;2;Undirected;2
15;317;Undirected;1
2;317;Undirected;2
18;325;Undirected;1
18;133;Undirected;3
325;133;Undirected;1
19;127;Undirected;2
20;111;Undirected;1
137;21;Undirected;1
137;301;Undirected;1
21;301;Undirected;2
159;22;Undirected;3
3;337;Undirected;1
3;145;Undirected;1
337;145;Undirected;2
9;20;Undirected;2
9;17;Undirected;1
9;355;Undirected;3
20;17;Undirected;1
20;355;Undirected;2
17;355;Undirected;2
24;337;Undirected;1
24;151;Undirected;2
24;25;Undirected;1
24;26;Undirected;1
337;151;Undirected;2
337;25;Undirected;1
337;26;Undirected;2
151;25;Undirected;3
151;26;Undirected;1
25;26;Undirected;2
18;2;Undirected;12
27;18;Undirected;3
27;17;Undirected;1
27;175;Undirected;2
18;17;Undirected;2
18;175;Undirected;1
17;175;Undirected;1
2;28;Undirected;5
2;129;Undirected;3
129;18;Undirected;1
2;153;Undirected;4
2;30;Undirected;2
2;133;Undirected;4
153;30;Undirected;1
153;133;Undirected;1
30;133;Undirected;3
1;2;Undirected;9
1;31;Undirected;2
1;357;Undirected;2
2;31;Undirected;4
2;357;Undirected;5
31;357;Undirected;2
2;119;Undirected;6
32;2;Undirected;5
32;13;Undirected;1
32;33;Undirected;1
32;145;Undirected;1
2;13;Undirected;12
2;33;Undirected;6
13;33;Undirected;4
13;145;Undirected;4
33;145;Undirected;1
35;2;Undirected;8
35;205;Undirected;4
35;325;Undirected;2
2;205;Undirected;3
2;325;Undirected;16
205;325;Undirected;3
36;155;Undirected;1
337;181;Undirected;3
337;37;Undirected;2
181;37;Undirected;3
181;181;Undirected;9
121;151;Undirected;6
121;155;Undirected;1
151;155;Undirected;2
2;38;Undirected;2
2;16;Undirected;8
38;16;Undirected;1
2;21;Undirected;3
2;115;Undirected;2
21;115;Undirected;1
18;13;Undirected;1
29;111;Undirected;1
29;197;Undirected;1
29;155;Undirected;1
111;197;Undirected;5
111;155;Undirected;7
197;155;Undirected;1
29;2;Undirected;5
29;151;Undirected;1
2;151;Undirected;23
18;3;Undirected;1
17;3;Undirected;1
173;283;Undirected;1
173;127;Undirected;1
283;127;Undirected;1
2;41;Undirected;5
139;173;Undirected;1
119;42;Undirected;2
111;2;Undirected;43
111;205;Undirected;2
111;325;Undirected;4
223;43;Undirected;1
223;143;Undirected;1
43;143;Undirected;2
18;279;Undirected;2
18;181;Undirected;2
279;181;Undirected;2
279;2;Undirected;3
181;2;Undirected;8
325;325;Undirected;28
16;21;Undirected;1
44;139;Undirected;1
44;157;Undirected;1
44;37;Undirected;1
139;157;Undirected;1
139;37;Undirected;3
157;37;Undirected;1
18;111;Undirected;6
27;111;Undirected;5
111;111;Undirected;17
2;209;Undirected;22
2;27;Undirected;3
2;45;Undirected;5
2;311;Undirected;1
41;27;Undirected;1
41;45;Undirected;1
41;209;Undirected;1
41;311;Undirected;1
27;45;Undirected;1
27;209;Undirected;1
27;311;Undirected;1
45;209;Undirected;1
45;311;Undirected;1
209;311;Undirected;1
2;127;Undirected;12
2;355;Undirected;6
127;355;Undirected;1
127;151;Undirected;2
355;151;Undirected;1
133;133;Undirected;5
133;12;Undirected;4
46;175;Undirected;1
39;2;Undirected;3
111;47;Undirected;1
111;209;Undirected;10
47;209;Undirected;2
47;2;Undirected;2
209;209;Undirected;5
147;48;Undirected;1
147;2;Undirected;5
147;49;Undirected;3
48;2;Undirected;2
48;49;Undirected;1
2;49;Undirected;4
159;50;Undirected;2
22;50;Undirected;2
10;157;Undirected;3
10;51;Undirected;1
10;143;Undirected;1
157;2;Undirected;8
157;51;Undirected;1
157;143;Undirected;1
2;51;Undirected;4
2;143;Undirected;10
51;143;Undirected;1
37;325;Undirected;1
37;52;Undirected;1
37;213;Undirected;1
37;169;Undirected;1
325;52;Undirected;1
325;213;Undirected;1
325;169;Undirected;1
52;213;Undirected;1
52;169;Undirected;1
213;169;Undirected;1
2;167;Undirected;4
147;209;Undirected;2
147;12;Undirected;8
147;11;Undirected;2
147;111;Undirected;3
147;147;Undirected;9
209;12;Undirected;10
209;11;Undirected;2
12;111;Undirected;4
11;111;Undirected;1
53;119;Undirected;2
53;111;Undirected;2
181;149;Undirected;1
181;54;Undirected;2
181;40;Undirected;3
2;149;Undirected;9
2;54;Undirected;7
2;40;Undirected;4
149;54;Undirected;1
149;40;Undirected;2
54;40;Undirected;3
55;301;Undirected;1
8;189;Undirected;2
8;3;Undirected;1
189;3;Undirected;2
189;189;Undirected;1
2;173;Undirected;2
47;13;Undirected;2
47;14;Undirected;2
47;173;Undirected;1
13;14;Undirected;2
13;173;Undirected;1
14;173;Undirected;1
56;9;Undirected;1
56;325;Undirected;5
56;355;Undirected;1
9;325;Undirected;1
325;355;Undirected;3
155;137;Undirected;1
155;217;Undirected;1
111;137;Undirected;4
111;217;Undirected;5
137;217;Undirected;1
57;111;Undirected;5
57;58;Undirected;1
57;181;Undirected;2
111;58;Undirected;3
111;181;Undirected;7
58;181;Undirected;3
115;115;Undirected;2
115;49;Undirected;3
16;159;Undirected;2
16;143;Undirected;5
159;143;Undirected;6
59;299;Undirected;1
59;60;Undirected;1
299;60;Undirected;1
12;127;Undirected;1
127;209;Undirected;2
61;177;Undirected;3
61;62;Undirected;1
61;295;Undirected;1
177;62;Undirected;1
177;295;Undirected;1
62;295;Undirected;1
2;19;Undirected;4
2;63;Undirected;6
19;63;Undirected;2
19;12;Undirected;2
63;12;Undirected;1
34;249;Undirected;1
271;57;Undirected;2
271;64;Undirected;1
57;64;Undirected;1
61;209;Undirected;3
177;209;Undirected;4
139;21;Undirected;2
139;65;Undirected;3
139;335;Undirected;1
21;65;Undirected;1
21;335;Undirected;1
65;335;Undirected;1
13;30;Undirected;1
13;16;Undirected;5
13;139;Undirected;2
30;145;Undirected;2
30;16;Undirected;1
30;139;Undirected;1
145;16;Undirected;2
145;139;Undirected;3
16;139;Undirected;8
44;57;Undirected;1
44;319;Undirected;2
57;319;Undirected;5
319;319;Undirected;2
131;125;Undirected;2
15;125;Undirected;3
133;67;Undirected;2
67;12;Undirected;4
13;68;Undirected;2
13;69;Undirected;1
47;68;Undirected;1
47;69;Undirected;1
68;69;Undirected;2
239;243;Undirected;1
239;70;Undirected;1
239;2;Undirected;6
239;4;Undirected;2
243;70;Undirected;1
243;2;Undirected;4
243;4;Undirected;1
70;2;Undirected;5
70;4;Undirected;1
39;127;Undirected;1
39;60;Undirected;1
127;60;Undirected;1
2;123;Undirected;1
131;25;Undirected;1
131;71;Undirected;1
25;71;Undirected;3
155;54;Undirected;2
155;16;Undirected;7
155;143;Undirected;4
54;16;Undirected;2
54;143;Undirected;1
39;8;Undirected;1
39;54;Undirected;1
8;54;Undirected;4
20;261;Undirected;1
20;72;Undirected;1
261;9;Undirected;1
261;72;Undirected;1
9;72;Undirected;2
54;209;Undirected;3
73;199;Undirected;1
73;211;Undirected;1
73;12;Undirected;3
73;111;Undirected;1
199;211;Undirected;1
199;12;Undirected;1
199;111;Undirected;1
211;12;Undirected;1
211;111;Undirected;3
12;143;Undirected;4
39;351;Undirected;1
39;353;Undirected;2
39;231;Undirected;1
351;353;Undirected;1
351;231;Undirected;1
353;231;Undirected;1
309;63;Undirected;1
309;50;Undirected;1
63;50;Undirected;3
74;147;Undirected;1
74;12;Undirected;1
21;145;Undirected;3
21;315;Undirected;1
145;315;Undirected;1
145;301;Undirected;1
315;301;Undirected;1
9;139;Undirected;13
9;117;Undirected;4
9;187;Undirected;1
139;117;Undirected;1
139;187;Undirected;1
117;187;Undirected;1
64;13;Undirected;2
64;145;Undirected;2
64;16;Undirected;1
75;355;Undirected;1
75;12;Undirected;5
75;11;Undirected;2
75;221;Undirected;2
355;12;Undirected;4
355;11;Undirected;1
355;221;Undirected;2
12;221;Undirected;2
11;221;Undirected;2
221;221;Undirected;1
21;213;Undirected;3
21;111;Undirected;5
213;145;Undirected;3
213;111;Undirected;5
145;111;Undirected;6
23;76;Undirected;1
209;57;Undirected;1
209;77;Undirected;1
2;57;Undirected;6
2;77;Undirected;5
57;77;Undirected;1
51;169;Undirected;4
169;2;Undirected;2
179;229;Undirected;1
179;167;Undirected;1
229;167;Undirected;1
133;78;Undirected;1
133;311;Undirected;3
18;78;Undirected;1
18;311;Undirected;1
78;311;Undirected;1
12;79;Undirected;7
12;329;Undirected;5
12;80;Undirected;1
79;329;Undirected;6
79;80;Undirected;1
329;80;Undirected;5
64;2;Undirected;2
64;1;Undirected;1
81;2;Undirected;2
81;153;Undirected;1
81;125;Undirected;1
153;125;Undirected;1
199;39;Undirected;1
199;279;Undirected;1
39;279;Undirected;1
82;181;Undirected;3
83;187;Undirected;1
83;22;Undirected;1
83;159;Undirected;1
83;50;Undirected;2
187;22;Undirected;1
187;159;Undirected;2
187;50;Undirected;1
325;41;Undirected;1
325;14;Undirected;2
325;12;Undirected;1
41;14;Undirected;1
41;12;Undirected;3
14;12;Undirected;1
205;261;Undirected;1
261;35;Undirected;2
12;145;Undirected;1
2;67;Undirected;14
67;145;Undirected;1
167;14;Undirected;2
167;343;Undirected;2
167;207;Undirected;2
167;56;Undirected;1
14;343;Undirected;2
14;207;Undirected;1
14;56;Undirected;1
343;207;Undirected;1
343;56;Undirected;1
207;56;Undirected;1
157;209;Undirected;1
157;325;Undirected;1
157;177;Undirected;1
209;325;Undirected;1
325;177;Undirected;2
51;159;Undirected;2
51;49;Undirected;1
51;151;Undirected;1
159;49;Undirected;2
159;151;Undirected;2
159;159;Undirected;3
49;151;Undirected;3
27;25;Undirected;1
25;18;Undirected;1
57;60;Undirected;2
319;60;Undirected;2
2;84;Undirected;9
355;84;Undirected;2
51;297;Undirected;1
2;85;Undirected;5
85;27;Undirected;1
18;113;Undirected;1
18;12;Undirected;7
18;313;Undirected;1
113;12;Undirected;1
113;313;Undirected;1
113;279;Undirected;1
113;181;Undirected;1
12;313;Undirected;1
12;279;Undirected;1
12;181;Undirected;1
313;279;Undirected;1
313;181;Undirected;1
2;82;Undirected;4
285;211;Undirected;2
285;65;Undirected;1
285;207;Undirected;1
285;1;Undirected;1
285;2;Undirected;2
211;65;Undirected;3
211;207;Undirected;1
211;1;Undirected;2
211;2;Undirected;4
65;207;Undirected;2
65;1;Undirected;1
65;2;Undirected;8
207;1;Undirected;1
207;2;Undirected;1
12;16;Undirected;1
12;157;Undirected;2
16;157;Undirected;2
1;9;Undirected;1
1;139;Undirected;3
1;16;Undirected;1
9;16;Undirected;4
139;139;Undirected;6
151;287;Undirected;2
121;287;Undirected;1
121;181;Undirected;4
121;86;Undirected;3
181;86;Undirected;1
36;87;Undirected;1
36;133;Undirected;1
87;133;Undirected;2
12;125;Undirected;2
131;11;Undirected;1
131;79;Undirected;1
131;18;Undirected;1
11;15;Undirected;1
11;125;Undirected;1
11;79;Undirected;2
11;18;Undirected;1
15;79;Undirected;1
15;18;Undirected;1
125;79;Undirected;1
125;18;Undirected;2
79;18;Undirected;5
71;337;Undirected;1
71;88;Undirected;1
71;117;Undirected;1
71;26;Undirected;2
337;88;Undirected;1
337;117;Undirected;1
88;117;Undirected;1
88;26;Undirected;1
117;26;Undirected;1
155;47;Undirected;1
47;16;Undirected;1
47;54;Undirected;1
143;153;Undirected;1
143;111;Undirected;8
153;111;Undirected;2
153;12;Undirected;1
155;21;Undirected;1
155;213;Undirected;2
72;117;Undirected;1
48;111;Undirected;2
48;201;Undirected;1
48;217;Undirected;2
111;201;Undirected;3
201;217;Undirected;1
6;145;Undirected;1
6;139;Undirected;1
6;111;Undirected;3
6;213;Undirected;2
6;21;Undirected;1
139;111;Undirected;2
139;213;Undirected;1
181;117;Undirected;1
181;9;Undirected;3
2;86;Undirected;4
2;225;Undirected;6
86;225;Undirected;1
57;78;Undirected;1
57;151;Undirected;1
78;151;Undirected;1
12;167;Undirected;2
75;111;Undirected;1
75;167;Undirected;2
111;167;Undirected;3
157;191;Undirected;1
157;165;Undirected;1
191;165;Undirected;1
12;159;Undirected;1
12;60;Undirected;1
67;159;Undirected;1
67;60;Undirected;1
159;60;Undirected;2
2;60;Undirected;2
12;173;Undirected;1
209;73;Undirected;1
209;173;Undirected;1
73;173;Undirected;1
12;171;Undirected;2
12;235;Undirected;2
329;171;Undirected;3
329;235;Undirected;8
329;355;Undirected;2
171;235;Undirected;3
171;79;Undirected;3
171;355;Undirected;1
235;79;Undirected;3
235;355;Undirected;1
79;355;Undirected;1
2;9;Undirected;17
9;67;Undirected;1
151;119;Undirected;1
151;4;Undirected;3
119;4;Undirected;1
12;9;Undirected;1
12;151;Undirected;3
18;157;Undirected;2
18;151;Undirected;4
157;125;Undirected;2
157;151;Undirected;3
125;151;Undirected;3
209;151;Undirected;2
209;33;Undirected;1
151;33;Undirected;2
12;245;Undirected;1
11;67;Undirected;1
11;245;Undirected;1
75;67;Undirected;2
75;245;Undirected;1
67;245;Undirected;2
89;121;Undirected;2
2;79;Undirected;1
2;75;Undirected;2
79;75;Undirected;1
79;84;Undirected;1
75;84;Undirected;1
211;181;Undirected;2
211;82;Undirected;1
209;36;Undirected;3
15;75;Undirected;1
15;167;Undirected;1
119;321;Undirected;1
329;18;Undirected;2
171;18;Undirected;1
133;26;Undirected;1
133;135;Undirected;1
26;135;Undirected;1
325;145;Undirected;4
325;279;Undirected;1
325;44;Undirected;1
145;279;Undirected;1
145;44;Undirected;1
279;44;Undirected;1
4;84;Undirected;1
4;60;Undirected;1
4;355;Undirected;1
84;60;Undirected;1
60;355;Undirected;1
17;25;Undirected;2
151;151;Undirected;6
151;111;Undirected;9
119;83;Undirected;1
42;83;Undirected;1
119;335;Undirected;1
209;1;Undirected;1
209;185;Undirected;1
2;185;Undirected;1
2;11;Undirected;1
1;185;Undirected;2
1;11;Undirected;1
185;11;Undirected;1
4;61;Undirected;3
4;90;Undirected;2
61;239;Undirected;2
61;111;Undirected;2
61;90;Undirected;1
239;111;Undirected;4
239;90;Undirected;1
111;90;Undirected;3
353;353;Undirected;1
38;299;Undirected;1
38;173;Undirected;1
299;173;Undirected;2
71;151;Undirected;3
71;125;Undirected;1
329;32;Undirected;1
32;355;Undirected;1
2;87;Undirected;2
2;91;Undirected;7
87;91;Undirected;2
353;199;Undirected;1
353;13;Undirected;1
199;13;Undirected;1
213;28;Undirected;2
213;2;Undirected;1
48;233;Undirected;1
48;249;Undirected;1
111;233;Undirected;2
111;249;Undirected;1
233;249;Undirected;1
233;217;Undirected;2
249;217;Undirected;1
235;18;Undirected;1
117;127;Undirected;2
117;143;Undirected;2
127;143;Undirected;4
143;143;Undirected;1
53;133;Undirected;1
133;131;Undirected;3
133;225;Undirected;1
131;225;Undirected;1
175;2;Undirected;8
175;175;Undirected;6
61;73;Undirected;1
61;1;Undirected;1
61;273;Undirected;1
61;155;Undirected;2
73;1;Undirected;1
73;273;Undirected;1
73;155;Undirected;1
1;273;Undirected;1
1;155;Undirected;1
273;155;Undirected;1
111;16;Undirected;4
111;49;Undirected;2
16;49;Undirected;1
263;2;Undirected;3
263;217;Undirected;1
2;217;Undirected;4
151;149;Undirected;2
151;40;Undirected;1
133;159;Undirected;1
133;213;Undirected;1
133;187;Undirected;1
159;213;Undirected;2
213;187;Undirected;1
2;92;Undirected;4
92;19;Undirected;2
11;59;Undirected;1
59;79;Undirected;1
233;2;Undirected;1
233;121;Undirected;1
233;65;Undirected;1
2;121;Undirected;13
121;65;Undirected;3
67;277;Undirected;3
75;277;Undirected;1
2;277;Undirected;4
181;139;Undirected;4
16;61;Undirected;1
16;181;Undirected;1
13;61;Undirected;2
13;181;Undirected;1
61;181;Undirected;1
155;2;Undirected;7
155;239;Undirected;2
239;16;Undirected;1
239;151;Undirected;1
16;151;Undirected;3
49;45;Undirected;1
49;225;Undirected;1
49;29;Undirected;1
45;225;Undirected;1
45;29;Undirected;1
45;147;Undirected;2
225;29;Undirected;1
225;147;Undirected;2
29;147;Undirected;2
2;62;Undirected;2
62;243;Undirected;1
209;279;Undirected;1
111;279;Undirected;2
279;61;Undirected;1
223;355;Undirected;1
223;115;Undirected;1
355;115;Undirected;1
25;13;Undirected;1
25;12;Undirected;2
13;12;Undirected;2
13;71;Undirected;1
12;71;Undirected;2
299;131;Undirected;1
299;335;Undirected;1
299;155;Undirected;1
131;173;Undirected;1
131;335;Undirected;1
131;155;Undirected;1
173;335;Undirected;1
173;155;Undirected;1
335;155;Undirected;2
239;227;Undirected;1
155;227;Undirected;1
51;211;Undirected;2
51;201;Undirected;1
51;147;Undirected;1
211;201;Undirected;1
211;147;Undirected;1
201;147;Undirected;2
52;339;Undirected;6
52;311;Undirected;2
52;143;Undirected;3
52;111;Undirected;2
339;339;Undirected;2
339;311;Undirected;2
339;143;Undirected;3
339;111;Undirected;3
311;143;Undirected;1
311;111;Undirected;1
209;82;Undirected;1
82;36;Undirected;1
195;165;Undirected;2
343;6;Undirected;2
343;343;Undirected;1
343;315;Undirected;2
6;315;Undirected;1
2;331;Undirected;4
2;37;Undirected;2
331;37;Undirected;1
353;355;Undirected;1
353;253;Undirected;1
355;253;Undirected;1
58;263;Undirected;1
58;9;Undirected;1
263;181;Undirected;1
263;9;Undirected;1
12;92;Undirected;1
2;25;Undirected;2
92;25;Undirected;1
92;209;Undirected;1
25;209;Undirected;1
251;181;Undirected;1
1;45;Undirected;1
2;42;Undirected;1
67;169;Undirected;1
67;42;Undirected;1
169;42;Undirected;1
209;297;Undirected;3
52;67;Undirected;1
52;2;Undirected;2
339;67;Undirected;1
339;2;Undirected;5
67;143;Undirected;1
2;297;Undirected;8
50;34;Undirected;1
50;87;Undirected;1
34;87;Undirected;3
209;287;Undirected;1
209;145;Undirected;1
297;287;Undirected;1
297;145;Undirected;1
287;145;Undirected;1
35;71;Undirected;1
35;9;Undirected;2
71;9;Undirected;1
297;58;Undirected;1
297;113;Undirected;1
58;2;Undirected;1
58;113;Undirected;1
2;113;Undirected;4
111;307;Undirected;1
239;307;Undirected;1
12;255;Undirected;1
73;255;Undirected;1
227;111;Undirected;1
227;297;Undirected;1
111;297;Undirected;3
147;36;Undirected;1
36;12;Undirected;1
19;4;Undirected;1
12;4;Undirected;1
209;93;Undirected;1
209;8;Undirected;2
93;8;Undirected;1
297;203;Undirected;2
297;175;Undirected;2
203;203;Undirected;13
203;175;Undirected;2
94;255;Undirected;7
255;255;Undirected;3
169;169;Undirected;4
169;267;Undirected;2
169;111;Undirected;2
267;111;Undirected;2
207;255;Undirected;1
207;223;Undirected;1
207;23;Undirected;1
255;223;Undirected;1
255;23;Undirected;1
223;23;Undirected;1
71;253;Undirected;2
71;17;Undirected;1
253;253;Undirected;1
253;17;Undirected;2
253;25;Undirected;2
133;157;Undirected;1
133;121;Undirected;1
157;121;Undirected;3
12;241;Undirected;1
241;143;Undirected;1
241;18;Undirected;1
241;71;Undirected;1
241;355;Undirected;1
143;18;Undirected;1
143;71;Undirected;1
143;355;Undirected;1
18;71;Undirected;1
18;355;Undirected;1
71;355;Undirected;1
133;34;Undirected;1
171;80;Undirected;1
235;235;Undirected;3
235;80;Undirected;6
87;143;Undirected;1
87;29;Undirected;1
143;34;Undirected;1
143;29;Undirected;1
34;29;Undirected;1
2;61;Undirected;5
147;129;Undirected;3
129;12;Undirected;1
11;155;Undirected;1
11;335;Undirected;1
11;16;Undirected;1
11;213;Undirected;1
335;16;Undirected;1
335;213;Undirected;1
16;213;Undirected;4
16;28;Undirected;1
16;95;Undirected;1
16;343;Undirected;1
213;95;Undirected;2
213;343;Undirected;1
28;95;Undirected;1
28;111;Undirected;1
28;343;Undirected;1
95;111;Undirected;1
95;343;Undirected;1
111;343;Undirected;2
151;13;Undirected;2
151;11;Undirected;1
151;189;Undirected;1
151;82;Undirected;2
13;11;Undirected;1
13;189;Undirected;1
13;82;Undirected;2
11;33;Undirected;1
11;189;Undirected;1
11;82;Undirected;1
33;189;Undirected;1
33;82;Undirected;2
33;12;Undirected;1
189;82;Undirected;1
189;12;Undirected;2
82;12;Undirected;1
23;239;Undirected;1
23;8;Undirected;1
23;253;Undirected;1
239;8;Undirected;1
239;253;Undirected;1
8;253;Undirected;1
143;6;Undirected;1
143;147;Undirected;1
6;147;Undirected;1
133;15;Undirected;2
133;145;Undirected;2
133;60;Undirected;2
133;151;Undirected;2
30;15;Undirected;1
30;311;Undirected;1
30;60;Undirected;1
30;131;Undirected;1
30;151;Undirected;1
15;311;Undirected;1
15;145;Undirected;1
15;60;Undirected;1
15;151;Undirected;1
311;145;Undirected;1
311;60;Undirected;1
311;131;Undirected;1
311;151;Undirected;1
145;60;Undirected;2
145;131;Undirected;1
145;151;Undirected;2
60;131;Undirected;1
60;151;Undirected;1
131;151;Undirected;1
239;54;Undirected;1
52;211;Undirected;1
235;181;Undirected;2
80;181;Undirected;1
329;181;Undirected;1
211;329;Undirected;1
111;55;Undirected;1
55;119;Undirected;1
55;2;Undirected;6
9;37;Undirected;2
9;65;Undirected;2
9;70;Undirected;2
139;70;Undirected;1
37;65;Undirected;2
37;70;Undirected;1
65;70;Undirected;1
297;259;Undirected;1
259;2;Undirected;2
329;113;Undirected;1
195;191;Undirected;1
195;109;Undirected;1
191;109;Undirected;1
1;189;Undirected;1
18;41;Undirected;1
127;279;Undirected;1
127;29;Undirected;1
127;257;Undirected;3
279;29;Undirected;1
279;257;Undirected;1
29;257;Undirected;1
16;189;Undirected;2
189;155;Undirected;4
2;117;Undirected;3
117;84;Undirected;1
9;84;Undirected;1
167;159;Undirected;1
209;121;Undirected;3
209;189;Undirected;1
121;189;Undirected;1
121;54;Undirected;2
189;54;Undirected;2
155;155;Undirected;4
42;237;Undirected;2
42;151;Undirected;1
42;72;Undirected;1
237;237;Undirected;1
237;151;Undirected;2
237;72;Undirected;3
151;72;Undirected;1
16;25;Undirected;1
16;26;Undirected;1
16;39;Undirected;1
25;39;Undirected;1
26;39;Undirected;1
8;30;Undirected;1
8;78;Undirected;1
30;78;Undirected;1
187;48;Undirected;1
139;337;Undirected;4
9;337;Undirected;3
337;65;Undirected;1
61;25;Undirected;1
61;65;Undirected;2
25;65;Undirected;1
35;223;Undirected;1
2;223;Undirected;2
247;8;Undirected;1
247;2;Undirected;7
247;71;Undirected;1
247;121;Undirected;1
8;2;Undirected;6
8;71;Undirected;1
8;121;Undirected;1
2;71;Undirected;1
71;121;Undirected;1
12;263;Undirected;1
25;111;Undirected;1
337;8;Undirected;1
38;151;Undirected;3
59;285;Undirected;1
94;113;Undirected;1
94;203;Undirected;1
113;255;Undirected;1
113;203;Undirected;1
255;203;Undirected;1
73;353;Undirected;1
38;18;Undirected;1
12;297;Undirected;1
297;329;Undirected;1
297;189;Undirected;2
329;189;Undirected;1
209;96;Undirected;1
96;12;Undirected;1
255;177;Undirected;1
255;209;Undirected;1
223;119;Undirected;1
223;197;Undirected;1
119;197;Undirected;1
161;229;Undirected;1
161;139;Undirected;1
161;109;Undirected;1
229;139;Undirected;1
229;109;Undirected;1
139;109;Undirected;1
51;95;Undirected;1
51;207;Undirected;1
95;207;Undirected;1
335;111;Undirected;2
155;141;Undirected;4
111;189;Undirected;1
111;141;Undirected;2
189;141;Undirected;1
223;339;Undirected;1
223;36;Undirected;1
223;291;Undirected;1
223;209;Undirected;1
339;36;Undirected;1
339;291;Undirected;1
339;209;Undirected;1
36;291;Undirected;1
291;209;Undirected;1
193;255;Undirected;1
111;195;Undirected;2
2;301;Undirected;1
301;149;Undirected;1
339;181;Undirected;2
269;97;Undirected;1
269;223;Undirected;1
97;223;Undirected;2
13;96;Undirected;1
151;177;Undirected;2
263;263;Undirected;1
263;127;Undirected;2
263;227;Undirected;2
2;227;Undirected;3
127;227;Undirected;1
2;265;Undirected;1
209;143;Undirected;2
209;265;Undirected;1
143;121;Undirected;3
143;265;Undirected;1
121;265;Undirected;1
121;12;Undirected;1
265;12;Undirected;1
209;299;Undirected;2
151;80;Undirected;1
151;329;Undirected;1
41;75;Undirected;1
2;299;Undirected;2
299;297;Undirected;1
147;82;Undirected;2
147;137;Undirected;2
82;137;Undirected;1
28;6;Undirected;1
28;12;Undirected;1
6;12;Undirected;1
147;159;Undirected;1
235;67;Undirected;2
80;67;Undirected;1
329;67;Undirected;1
133;319;Undirected;2
133;337;Undirected;2
319;337;Undirected;1
173;151;Undirected;1
32;15;Undirected;1
32;139;Undirected;2
32;125;Undirected;1
15;139;Undirected;1
139;125;Undirected;1
71;301;Undirected;1
71;255;Undirected;1
301;151;Undirected;1
301;255;Undirected;1
151;255;Undirected;1
181;23;Undirected;2
181;5;Undirected;1
23;5;Undirected;1
357;149;Undirected;1
247;343;Undirected;3
247;46;Undirected;4
247;215;Undirected;2
247;38;Undirected;8
247;247;Undirected;4
247;76;Undirected;2
343;46;Undirected;1
343;215;Undirected;1
343;38;Undirected;1
343;76;Undirected;1
46;215;Undirected;2
46;38;Undirected;1
46;76;Undirected;1
215;38;Undirected;4
215;76;Undirected;1
38;76;Undirected;3
111;321;Undirected;4
49;59;Undirected;1
111;59;Undirected;1
157;77;Undirected;1
157;295;Undirected;3
157;4;Undirected;2
77;295;Undirected;2
77;4;Undirected;2
295;4;Undirected;1
86;13;Undirected;3
86;125;Undirected;1
86;44;Undirected;1
86;111;Undirected;1
86;33;Undirected;2
13;125;Undirected;2
13;44;Undirected;1
125;44;Undirected;1
125;111;Undirected;1
125;33;Undirected;2
2;44;Undirected;2
44;111;Undirected;1
44;33;Undirected;1
111;33;Undirected;1
91;271;Undirected;2
91;49;Undirected;1
271;49;Undirected;1
271;2;Undirected;4
157;137;Undirected;3
157;13;Undirected;3
157;111;Undirected;2
137;13;Undirected;2
139;167;Undirected;4
139;29;Undirected;1
9;167;Undirected;2
9;29;Undirected;2
167;29;Undirected;1
157;179;Undirected;1
157;68;Undirected;1
137;2;Undirected;2
137;179;Undirected;1
137;68;Undirected;1
2;179;Undirected;2
2;68;Undirected;3
179;68;Undirected;1
151;257;Undirected;1
151;317;Undirected;1
257;16;Undirected;1
257;317;Undirected;1
16;317;Undirected;1
157;157;Undirected;1
157;355;Undirected;2
157;34;Undirected;3
295;355;Undirected;1
295;34;Undirected;1
355;34;Undirected;1
13;213;Undirected;1
271;135;Undirected;1
271;53;Undirected;1
271;82;Undirected;2
271;241;Undirected;2
135;53;Undirected;1
135;82;Undirected;1
135;241;Undirected;2
53;82;Undirected;1
53;241;Undirected;1
82;241;Undirected;1
271;23;Undirected;1
271;111;Undirected;3
23;111;Undirected;3
23;82;Undirected;1
111;82;Undirected;1
193;86;Undirected;1
193;2;Undirected;1
113;149;Undirected;3
113;98;Undirected;1
149;149;Undirected;1
149;98;Undirected;2
2;98;Undirected;3
70;295;Undirected;1
70;23;Undirected;1
70;111;Undirected;1
295;23;Undirected;1
295;9;Undirected;1
295;111;Undirected;1
23;9;Undirected;1
9;111;Undirected;8
215;317;Undirected;1
86;155;Undirected;1
86;251;Undirected;1
86;179;Undirected;1
155;251;Undirected;1
155;179;Undirected;1
251;179;Undirected;1
127;95;Undirected;1
127;269;Undirected;1
95;269;Undirected;1
60;78;Undirected;1
60;111;Undirected;1
78;111;Undirected;2
67;155;Undirected;1
32;251;Undirected;1
139;251;Undirected;2
345;37;Undirected;1
345;4;Undirected;2
345;6;Undirected;1
37;4;Undirected;1
37;6;Undirected;1
159;82;Undirected;2
2;69;Undirected;3
2;99;Undirected;4
33;68;Undirected;2
33;69;Undirected;1
33;99;Undirected;1
68;99;Undirected;1
69;99;Undirected;1
27;38;Undirected;1
27;247;Undirected;1
27;82;Undirected;2
38;82;Undirected;2
247;82;Undirected;3
9;307;Undirected;1
9;203;Undirected;1
307;2;Undirected;1
307;203;Undirected;1
2;203;Undirected;6
1;39;Undirected;3
1;77;Undirected;1
1;74;Undirected;1
39;77;Undirected;1
39;74;Undirected;1
77;74;Undirected;1
9;191;Undirected;2
35;191;Undirected;2
191;191;Undirected;1
111;355;Undirected;1
113;139;Undirected;3
113;9;Undirected;1
113;16;Undirected;2
113;167;Undirected;1
113;100;Undirected;1
139;2;Undirected;10
139;100;Undirected;3
9;100;Undirected;1
16;167;Undirected;2
16;100;Undirected;4
2;100;Undirected;4
167;100;Undirected;2
101;193;Undirected;2
101;295;Undirected;2
101;325;Undirected;2
193;295;Undirected;1
193;325;Undirected;1
295;325;Undirected;2
167;253;Undirected;1
167;279;Undirected;1
253;279;Undirected;1
5;45;Undirected;1
271;247;Undirected;1
271;269;Undirected;1
271;297;Undirected;2
271;29;Undirected;1
247;57;Undirected;3
247;269;Undirected;2
247;297;Undirected;5
247;29;Undirected;1
2;269;Undirected;3
57;269;Undirected;1
57;297;Undirected;2
57;29;Undirected;1
269;297;Undirected;1
269;29;Undirected;1
297;29;Undirected;2
197;2;Undirected;5
197;129;Undirected;1
111;129;Undirected;1
251;2;Undirected;2
55;62;Undirected;1
55;331;Undirected;1
55;247;Undirected;1
55;97;Undirected;1
62;331;Undirected;1
62;247;Undirected;2
62;97;Undirected;1
331;247;Undirected;1
331;97;Undirected;1
247;97;Undirected;1
97;2;Undirected;2
151;102;Undirected;1
13;102;Undirected;1
102;2;Undirected;1
345;86;Undirected;1
345;243;Undirected;1
345;303;Undirected;1
345;2;Undirected;1
345;100;Undirected;2
86;243;Undirected;1
86;303;Undirected;1
86;100;Undirected;1
243;303;Undirected;1
243;100;Undirected;1
303;2;Undirected;2
303;100;Undirected;2
337;119;Undirected;1
337;251;Undirected;2
337;2;Undirected;4
139;119;Undirected;1
119;251;Undirected;1
123;159;Undirected;2
123;6;Undirected;1
123;177;Undirected;1
159;6;Undirected;3
159;177;Undirected;3
6;177;Undirected;1
55;151;Undirected;1
55;285;Undirected;1
151;285;Undirected;1
70;84;Undirected;1
66;103;Undirected;1
181;41;Undirected;2
217;49;Undirected;1
119;183;Undirected;3
183;183;Undirected;4
113;247;Undirected;2
113;56;Undirected;1
247;56;Undirected;2
43;337;Undirected;1
43;139;Undirected;2
46;35;Undirected;1
46;297;Undirected;1
247;35;Undirected;1
35;297;Undirected;1
215;111;Undirected;1
215;325;Undirected;1
38;111;Undirected;3
38;325;Undirected;1
97;201;Undirected;1
97;129;Undirected;1
201;129;Undirected;1
209;9;Undirected;1
113;13;Undirected;1
149;13;Undirected;1
165;2;Undirected;1
165;94;Undirected;1
2;94;Undirected;3
60;183;Undirected;1
57;183;Undirected;3
157;181;Undirected;3
151;181;Undirected;4
139;82;Undirected;1
211;227;Undirected;1
211;32;Undirected;1
211;77;Undirected;1
227;32;Undirected;1
227;77;Undirected;1
32;77;Undirected;1
217;121;Undirected;2
217;159;Undirected;1
121;159;Undirected;5
157;207;Undirected;1
157;167;Undirected;2
207;125;Undirected;1
125;167;Undirected;1
267;267;Undirected;1
267;81;Undirected;3
327;289;Undirected;2
159;104;Undirected;1
6;104;Undirected;1
104;213;Undirected;1
325;175;Undirected;3
97;33;Undirected;1
97;8;Undirected;1
97;29;Undirected;1
33;8;Undirected;1
33;29;Undirected;1
8;29;Undirected;1
127;35;Undirected;1
14;195;Undirected;1
14;145;Undirected;1
195;145;Undirected;4
215;297;Undirected;1
215;8;Undirected;1
297;8;Undirected;1
291;111;Undirected;2
291;2;Undirected;1
291;289;Undirected;2
111;289;Undirected;2
2;289;Undirected;2
70;31;Undirected;1
70;203;Undirected;1
31;203;Undirected;1
54;297;Undirected;1
54;29;Undirected;1
189;29;Undirected;1
303;85;Undirected;1
173;70;Undirected;1
173;16;Undirected;2
70;16;Undirected;1
163;119;Undirected;1
163;2;Undirected;1
197;23;Undirected;1
197;147;Undirected;1
197;325;Undirected;2
197;201;Undirected;1
23;147;Undirected;1
23;325;Undirected;2
23;201;Undirected;1
147;325;Undirected;2
325;201;Undirected;2
147;279;Undirected;1
145;145;Undirected;1
259;347;Undirected;1
259;77;Undirected;1
259;279;Undirected;1
347;77;Undirected;1
347;279;Undirected;1
77;279;Undirected;1
115;82;Undirected;1
115;109;Undirected;1
115;8;Undirected;1
82;109;Undirected;1
82;8;Undirected;1
2;109;Undirected;2
109;8;Undirected;1
165;291;Undirected;1
165;181;Undirected;1
165;121;Undirected;1
165;145;Undirected;1
291;181;Undirected;1
291;121;Undirected;1
291;195;Undirected;1
291;145;Undirected;1
181;195;Undirected;2
181;145;Undirected;3
121;195;Undirected;1
121;145;Undirected;1
81;293;Undirected;2
211;291;Undirected;1
211;347;Undirected;5
211;289;Undirected;1
211;177;Undirected;1
291;347;Undirected;1
291;177;Undirected;1
347;289;Undirected;1
347;177;Undirected;2
289;177;Undirected;1
217;317;Undirected;1
217;105;Undirected;1
233;317;Undirected;2
233;105;Undirected;1
317;111;Undirected;3
317;105;Undirected;1
111;105;Undirected;3
243;129;Undirected;1
1;137;Undirected;1
121;13;Undirected;3
121;16;Undirected;1
13;143;Undirected;1
105;289;Undirected;1
273;67;Undirected;2
273;2;Undirected;4
273;56;Undirected;2
67;56;Undirected;1
2;56;Undirected;3
4;31;Undirected;1
181;60;Undirected;2
181;101;Undirected;2
181;64;Undirected;1
181;159;Undirected;2
60;101;Undirected;1
60;64;Undirected;1
101;64;Undirected;1
101;145;Undirected;1
101;159;Undirected;2
64;159;Undirected;2
39;62;Undirected;2
5;123;Undirected;1
5;97;Undirected;1
123;97;Undirected;1
347;121;Undirected;1
347;31;Undirected;1
347;98;Undirected;1
347;69;Undirected;1
121;31;Undirected;2
121;98;Undirected;1
121;69;Undirected;1
31;98;Undirected;1
31;69;Undirected;1
98;69;Undirected;1
157;247;Undirected;2
157;155;Undirected;2
247;155;Undirected;1
227;65;Undirected;2
227;125;Undirected;1
227;33;Undirected;1
227;68;Undirected;1
65;125;Undirected;1
65;33;Undirected;1
65;68;Undirected;2
125;68;Undirected;1
187;35;Undirected;1
187;289;Undirected;1
35;289;Undirected;1
275;127;Undirected;1
275;129;Undirected;1
127;129;Undirected;1
135;49;Undirected;1
333;145;Undirected;1
333;325;Undirected;4
275;83;Undirected;1
275;2;Undirected;1
83;2;Undirected;2
151;96;Undirected;2
18;96;Undirected;1
111;96;Undirected;3
2;96;Undirected;2
291;16;Undirected;1
111;323;Undirected;2
323;2;Undirected;2
32;325;Undirected;1
32;57;Undirected;1
32;177;Undirected;1
2;177;Undirected;2
325;57;Undirected;1
57;177;Undirected;1
151;74;Undirected;2
49;74;Undirected;2
14;209;Undirected;1
14;121;Undirected;1
14;191;Undirected;1
14;159;Undirected;1
14;323;Undirected;1
14;177;Undirected;3
209;191;Undirected;1
209;159;Undirected;2
209;323;Undirected;1
121;191;Undirected;1
121;323;Undirected;1
121;177;Undirected;1
191;159;Undirected;1
191;323;Undirected;1
191;177;Undirected;1
159;323;Undirected;1
323;177;Undirected;1
243;289;Undirected;1
309;227;Undirected;1
309;157;Undirected;1
309;121;Undirected;2
227;157;Undirected;1
227;121;Undirected;1
111;175;Undirected;4
343;121;Undirected;1
343;54;Undirected;1
343;2;Undirected;1
121;111;Undirected;2
54;111;Undirected;2
91;277;Undirected;1
35;111;Undirected;2
70;333;Undirected;1
70;6;Undirected;1
70;82;Undirected;1
333;6;Undirected;1
333;82;Undirected;1
333;2;Undirected;2
6;82;Undirected;1
38;175;Undirected;1
175;76;Undirected;1
70;101;Undirected;1
70;161;Undirected;1
101;161;Undirected;1
23;97;Undirected;1
23;221;Undirected;2
97;221;Undirected;1
14;181;Undirected;1
14;139;Undirected;1
139;289;Undirected;2
219;44;Undirected;1
91;145;Undirected;1
91;34;Undirected;1
145;34;Undirected;1
2;34;Undirected;3
275;209;Undirected;1
52;33;Undirected;1
52;279;Undirected;1
339;33;Undirected;1
339;279;Undirected;1
33;279;Undirected;1
309;95;Undirected;1
309;167;Undirected;1
95;167;Undirected;1
1;8;Undirected;1
139;8;Undirected;1
151;303;Undirected;1
151;100;Undirected;2
121;303;Undirected;1
121;100;Undirected;1
89;337;Undirected;1
89;2;Undirected;4
89;98;Undirected;1
337;98;Undirected;1
215;131;Undirected;1
131;38;Undirected;1
343;233;Undirected;1
86;34;Undirected;1
121;121;Undirected;1
121;34;Undirected;3
13;34;Undirected;1
181;34;Undirected;2
181;221;Undirected;1
41;23;Undirected;1
41;111;Undirected;1
41;34;Undirected;1
41;221;Undirected;1
23;2;Undirected;5
23;34;Undirected;1
2;221;Undirected;1
111;34;Undirected;1
111;221;Undirected;1
34;221;Undirected;1
123;129;Undirected;2
159;129;Undirected;2
129;129;Undirected;1
181;155;Undirected;1
14;22;Undirected;1
14;111;Undirected;1
22;111;Undirected;1
22;2;Undirected;3
22;177;Undirected;1
111;177;Undirected;3
32;181;Undirected;1
32;289;Undirected;1
181;289;Undirected;3
45;325;Undirected;1
173;173;Undirected;2
173;181;Undirected;2
60;121;Undirected;1
121;319;Undirected;1
161;345;Undirected;1
161;163;Undirected;2
345;163;Undirected;2
163;163;Undirected;2
147;179;Undirected;1
147;203;Undirected;3
179;203;Undirected;3
13;247;Undirected;1
247;61;Undirected;1
127;189;Undirected;1
127;69;Undirected;2
143;189;Undirected;1
143;69;Undirected;1
189;69;Undirected;1
157;6;Undirected;1
32;143;Undirected;1
65;77;Undirected;1
65;24;Undirected;2
65;283;Undirected;2
77;24;Undirected;1
77;283;Undirected;1
2;24;Undirected;4
2;283;Undirected;1
24;283;Undirected;1
287;181;Undirected;1
325;327;Undirected;4
245;2;Undirected;1
22;9;Undirected;1
22;145;Undirected;1
22;317;Undirected;1
9;145;Undirected;2
9;317;Undirected;1
145;317;Undirected;1
275;281;Undirected;1
1;90;Undirected;1
1;131;Undirected;1
1;97;Undirected;1
90;131;Undirected;2
90;97;Undirected;1
131;97;Undirected;1
357;155;Undirected;1
151;90;Undirected;1
151;92;Undirected;1
151;183;Undirected;1
90;92;Undirected;3
90;183;Undirected;1
92;183;Undirected;1
65;347;Undirected;1
65;349;Undirected;3
65;177;Undirected;1
347;349;Undirected;1
347;61;Undirected;1
349;177;Undirected;1
349;61;Undirected;1
151;323;Undirected;3
39;157;Undirected;2
39;327;Undirected;1
157;327;Undirected;1
121;49;Undirected;1
121;115;Undirected;1
91;38;Undirected;1
91;111;Undirected;1
91;297;Undirected;1
38;297;Undirected;1
117;141;Undirected;1
117;145;Undirected;1
117;40;Undirected;1
141;145;Undirected;2
141;40;Undirected;1
145;40;Undirected;1
211;56;Undirected;1
163;145;Undirected;3
82;59;Undirected;2
78;231;Undirected;1
171;2;Undirected;2
35;24;Undirected;1
84;167;Undirected;1
113;89;Undirected;1
113;321;Undirected;1
113;111;Undirected;1
89;321;Undirected;1
89;111;Undirected;2
237;111;Undirected;1
237;269;Undirected;1
237;99;Undirected;1
111;269;Undirected;1
111;99;Undirected;1
269;99;Undirected;1
155;42;Undirected;1
77;106;Undirected;1
77;99;Undirected;1
295;106;Undirected;1
295;99;Undirected;1
106;99;Undirected;2
139;143;Undirected;1
35;59;Undirected;1
157;345;Undirected;1
157;343;Undirected;1
157;289;Undirected;1
345;343;Undirected;1
345;247;Undirected;1
345;289;Undirected;1
343;289;Undirected;1
247;289;Undirected;1
161;131;Undirected;2
161;333;Undirected;1
161;7;Undirected;1
161;159;Undirected;1
161;111;Undirected;3
131;333;Undirected;1
131;7;Undirected;1
131;159;Undirected;1
131;111;Undirected;1
333;7;Undirected;1
333;159;Undirected;1
333;111;Undirected;5
7;159;Undirected;1
7;111;Undirected;1
159;111;Undirected;7
65;151;Undirected;1
65;34;Undirected;1
151;34;Undirected;1
217;135;Undirected;1
217;145;Undirected;1
135;145;Undirected;1
169;66;Undirected;2
211;357;Undirected;1
211;349;Undirected;1
211;219;Undirected;1
211;159;Undirected;1
211;4;Undirected;1
211;6;Undirected;1
357;65;Undirected;1
357;349;Undirected;1
357;181;Undirected;1
357;219;Undirected;1
357;159;Undirected;1
357;4;Undirected;1
357;111;Undirected;2
357;6;Undirected;1
65;181;Undirected;1
65;219;Undirected;1
65;159;Undirected;1
65;4;Undirected;4
65;111;Undirected;5
65;6;Undirected;1
349;181;Undirected;1
349;219;Undirected;1
349;159;Undirected;1
349;4;Undirected;1
349;111;Undirected;2
349;6;Undirected;1
349;2;Undirected;1
181;219;Undirected;1
181;4;Undirected;1
181;6;Undirected;1
219;159;Undirected;2
219;4;Undirected;1
219;111;Undirected;3
219;6;Undirected;1
219;2;Undirected;2
159;4;Undirected;1
169;233;Undirected;1
169;317;Undirected;1
169;81;Undirected;1
233;267;Undirected;1
233;81;Undirected;1
267;317;Undirected;1
317;81;Undirected;1
341;106;Undirected;3
341;327;Undirected;1
106;327;Undirected;1
39;50;Undirected;1
39;63;Undirected;1
39;331;Undirected;2
50;331;Undirected;1
50;2;Undirected;3
63;331;Undirected;1
223;279;Undirected;1
46;111;Undirected;2
46;167;Undirected;1
27;135;Undirected;1
135;111;Undirected;2
135;2;Undirected;2
135;175;Undirected;1
121;84;Undirected;1
70;78;Undirected;1
70;323;Undirected;1
70;103;Undirected;1
78;323;Undirected;2
78;103;Undirected;2
323;103;Undirected;2
161;104;Undirected;1
22;81;Undirected;1
5;54;Undirected;1
5;40;Undirected;1
217;89;Undirected;1
217;72;Undirected;1
89;72;Undirected;1
121;72;Undirected;1
2;72;Undirected;2
239;107;Undirected;1
239;44;Undirected;1
239;104;Undirected;1
239;99;Undirected;1
107;44;Undirected;1
107;104;Undirected;1
107;99;Undirected;1
44;104;Undirected;1
44;99;Undirected;1
104;99;Undirected;1
261;171;Undirected;1
261;317;Undirected;1
261;2;Undirected;1
171;317;Undirected;1
193;35;Undirected;1
193;281;Undirected;1
35;281;Undirected;1
32;347;Undirected;1
32;16;Undirected;1
32;68;Undirected;1
347;16;Undirected;2
347;68;Undirected;1
16;68;Undirected;2
58;333;Undirected;1
58;317;Undirected;1
333;317;Undirected;1
197;197;Undirected;1
197;9;Undirected;2
39;185;Undirected;10
39;4;Undirected;1
185;185;Undirected;4
185;4;Undirected;2
275;275;Undirected;1
275;105;Undirected;2
205;219;Undirected;1
57;189;Undirected;1
271;67;Undirected;1
13;108;Undirected;3
13;159;Undirected;1
108;159;Undirected;2
211;211;Undirected;1
211;283;Undirected;2
347;347;Undirected;1
347;283;Undirected;2
113;295;Undirected;1
101;151;Undirected;1
101;9;Undirected;1
101;16;Undirected;1
101;213;Undirected;1
151;9;Undirected;2
151;213;Undirected;2
9;213;Undirected;2
16;102;Undirected;2
102;213;Undirected;2
102;68;Undirected;1
213;68;Undirected;1
56;269;Undirected;2
39;32;Undirected;1
39;215;Undirected;1
39;64;Undirected;1
32;215;Undirected;1
32;64;Undirected;1
215;64;Undirected;2
345;179;Undirected;2
4;179;Undirected;3
179;179;Undirected;1
121;23;Undirected;1
13;4;Undirected;3
243;63;Undirected;1
32;135;Undirected;1
32;241;Undirected;1
50;113;Undirected;1
50;16;Undirected;1
50;115;Undirected;1
113;115;Undirected;1
16;115;Undirected;1
77;7;Undirected;1
7;4;Undirected;1
107;108;Undirected;1
195;2;Undirected;3
195;98;Undirected;1
90;143;Undirected;1
90;177;Undirected;1
143;177;Undirected;1
16;31;Undirected;1
46;139;Undirected;1
46;104;Undirected;1
139;247;Undirected;1
139;104;Undirected;2
247;104;Undirected;1
106;111;Undirected;1
106;21;Undirected;1
106;283;Undirected;1
111;283;Undirected;2
21;283;Undirected;1
93;129;Undirected;1
107;143;Undirected;1
107;2;Undirected;2
323;4;Undirected;1
161;155;Undirected;1
161;4;Undirected;1
161;2;Undirected;2
161;61;Undirected;1
161;72;Undirected;1
155;4;Undirected;1
155;72;Undirected;1
4;72;Undirected;1
61;72;Undirected;1
157;159;Undirected;1
88;241;Undirected;1
337;155;Undirected;1
9;155;Undirected;2
92;13;Undirected;1
92;4;Undirected;2
92;111;Undirected;1
335;143;Undirected;1
335;159;Undirected;1
335;68;Undirected;1
143;68;Undirected;1
159;68;Undirected;1
225;195;Undirected;1
38;66;Undirected;2
66;247;Undirected;3
199;65;Undirected;1
199;207;Undirected;1
199;63;Undirected;1
65;63;Undirected;1
207;63;Undirected;1
121;52;Undirected;1
349;345;Undirected;1
349;189;Undirected;1
349;279;Undirected;1
345;189;Undirected;1
345;279;Undirected;1
189;279;Undirected;1
137;34;Undirected;1
83;65;Undirected;1
83;4;Undirected;1
1;353;Undirected;1
1;157;Undirected;1
1;62;Undirected;1
1;317;Undirected;1
353;157;Undirected;1
353;185;Undirected;1
353;62;Undirected;1
353;317;Undirected;1
39;317;Undirected;1
157;185;Undirected;1
157;62;Undirected;1
157;317;Undirected;1
185;62;Undirected;1
185;317;Undirected;1
62;317;Undirected;1
89;149;Undirected;1
89;127;Undirected;2
89;159;Undirected;1
149;127;Undirected;2
149;159;Undirected;1
127;127;Undirected;1
127;159;Undirected;3
121;64;Undirected;1
121;127;Undirected;2
64;127;Undirected;1
64;143;Undirected;1
64;111;Undirected;4
127;111;Undirected;3
329;149;Undirected;1
329;331;Undirected;1
149;331;Undirected;1
44;85;Undirected;1
219;97;Undirected;1
219;223;Undirected;1
97;159;Undirected;1
159;223;Undirected;1
65;209;Undirected;1
209;4;Undirected;1
151;279;Undirected;2
101;131;Undirected;1
295;131;Undirected;1
131;325;Undirected;1
347;285;Undirected;1
161;77;Undirected;1
161;121;Undirected;1
161;9;Undirected;1
161;31;Undirected;1
77;121;Undirected;1
77;9;Undirected;1
77;31;Undirected;1
121;9;Undirected;1
9;31;Undirected;1
9;76;Undirected;1
131;74;Undirected;1
131;323;Undirected;1
131;183;Undirected;2
74;323;Undirected;1
74;183;Undirected;2
323;183;Undirected;2
313;42;Undirected;2
313;44;Undirected;1
42;44;Undirected;1
157;141;Undirected;2
157;341;Undirected;3
13;141;Undirected;1
13;341;Undirected;1
13;155;Undirected;1
141;341;Undirected;1
341;155;Undirected;1
45;177;Undirected;2
177;177;Undirected;1
86;16;Undirected;1
86;82;Undirected;1
16;82;Undirected;1
16;33;Undirected;1
197;127;Undirected;1
197;109;Undirected;1
127;109;Undirected;1
111;109;Undirected;1
339;54;Undirected;1
339;8;Undirected;1
111;8;Undirected;1
247;295;Undirected;1
295;57;Undirected;1
295;297;Undirected;1
64;105;Undirected;1
151;269;Undirected;1
345;141;Undirected;1
345;16;Undirected;1
345;102;Undirected;1
141;16;Undirected;1
141;102;Undirected;1
141;100;Undirected;1
102;100;Undirected;2
3;45;Undirected;1
14;149;Undirected;1
149;177;Undirected;1
181;123;Undirected;1
32;90;Undirected;1
32;23;Undirected;1
90;23;Undirected;1
90;2;Undirected;3
183;177;Undirected;1
85;269;Undirected;1
151;35;Undirected;1
209;35;Undirected;1
9;159;Undirected;1
9;85;Undirected;1
159;85;Undirected;1
111;85;Undirected;1
9;323;Undirected;1
323;213;Undirected;1
4;24;Undirected;1
217;127;Undirected;1
217;9;Undirected;1
127;9;Undirected;1
195;56;Undirected;2
127;133;Undirected;1
91;90;Undirected;1
91;92;Undirected;1
91;45;Undirected;1
91;4;Undirected;2
271;90;Undirected;1
271;92;Undirected;1
271;45;Undirected;1
271;4;Undirected;1
90;45;Undirected;1
92;45;Undirected;1
45;4;Undirected;1
127;49;Undirected;1
127;74;Undirected;2
74;2;Undirected;2
13;100;Undirected;1
108;2;Undirected;2
108;100;Undirected;3
179;61;Undirected;1
131;9;Undirected;1
259;247;Undirected;1
259;269;Undirected;1
329;82;Undirected;1
151;106;Undirected;1
151;99;Undirected;1
106;2;Undirected;1
107;48;Undirected;1
107;69;Undirected;1
48;69;Undirected;1
309;267;Undirected;1
169;96;Undirected;1
95;159;Undirected;1
143;305;Undirected;1
111;305;Undirected;2
55;89;Undirected;1
181;44;Undirected;1
181;167;Undirected;1
44;167;Undirected;1
119;125;Undirected;1
157;22;Undirected;1
157;123;Undirected;2
22;123;Undirected;1
261;333;Undirected;1
261;325;Undirected;1
261;111;Undirected;1
299;47;Undirected;1
299;44;Undirected;1
47;44;Undirected;2
233;127;Undirected;1
70;209;Undirected;1
70;143;Undirected;1
70;159;Undirected;1
157;106;Undirected;1
157;323;Undirected;1
181;341;Undirected;3
181;106;Undirected;1
181;323;Undirected;1
341;341;Undirected;1
341;323;Undirected;2
341;34;Undirected;2
106;323;Undirected;1
106;34;Undirected;1
323;34;Undirected;1
161;63;Undirected;1
161;195;Undirected;1
161;56;Undirected;1
161;269;Undirected;1
161;203;Undirected;1
161;8;Undirected;1
63;195;Undirected;1
63;56;Undirected;1
63;269;Undirected;1
63;203;Undirected;1
63;8;Undirected;1
195;269;Undirected;1
195;203;Undirected;1
195;8;Undirected;1
56;203;Undirected;1
56;8;Undirected;1
269;203;Undirected;1
269;8;Undirected;1
203;8;Undirected;1
64;49;Undirected;1
309;2;Undirected;1
14;9;Undirected;1
14;99;Undirected;1
9;99;Undirected;1
287;217;Undirected;1
287;221;Undirected;1
217;221;Undirected;1
113;273;Undirected;1
113;325;Undirected;1
113;109;Undirected;1
113;103;Undirected;1
113;223;Undirected;2
273;325;Undirected;1
273;109;Undirected;1
273;103;Undirected;1
273;223;Undirected;2
325;109;Undirected;1
325;103;Undirected;1
325;223;Undirected;2
109;103;Undirected;1
109;223;Undirected;2
103;223;Undirected;2
223;223;Undirected;1
46;2;Undirected;1
83;157;Undirected;1
83;56;Undirected;1
157;56;Undirected;1
41;121;Undirected;1
41;229;Undirected;1
121;229;Undirected;1
229;2;Undirected;1
65;155;Undirected;1
155;283;Undirected;1
50;157;Undirected;1
65;307;Undirected;1
349;307;Undirected;1
349;43;Undirected;1
349;145;Undirected;1
349;281;Undirected;1
43;145;Undirected;2
43;281;Undirected;1
145;281;Undirected;1
271;305;Undirected;1
305;297;Undirected;1
7;229;Undirected;1
7;305;Undirected;1
229;315;Undirected;1
229;305;Undirected;1
315;305;Undirected;1
43;9;Undirected;1
43;111;Undirected;2
35;34;Undirected;1
173;177;Undirected;1
13;167;Undirected;1
55;67;Undirected;2
55;241;Undirected;1
67;241;Undirected;1
2;241;Undirected;1
9;104;Undirected;2
111;104;Undirected;1
151;341;Undirected;1
63;155;Undirected;1
215;221;Undirected;1
64;221;Undirected;1
257;267;Undirected;1
257;213;Undirected;1
267;213;Undirected;1
337;16;Undirected;1
237;53;Undirected;1
173;111;Undirected;3
173;201;Undirected;1
16;201;Undirected;1
14;4;Undirected;1
14;68;Undirected;1
4;68;Undirected;1
145;253;Undirected;1
145;249;Undirected;1
253;249;Undirected;1
149;9;Undirected;2
149;145;Undirected;1
157;187;Undirected;1
157;119;Undirected;1
187;119;Undirected;1
78;74;Undirected;1
78;201;Undirected;1
74;201;Undirected;1
313;2;Undirected;1
2;76;Undirected;1
347;181;Undirected;1
347;339;Undirected;1
14;44;Undirected;1
23;105;Undirected;1
23;99;Undirected;1
2;105;Undirected;1
105;99;Undirected;1
101;43;Undirected;1
101;121;Undirected;1
101;127;Undirected;1
181;43;Undirected;2
181;127;Undirected;1
43;121;Undirected;1
43;127;Undirected;1
157;59;Undirected;1
157;203;Undirected;1
157;40;Undirected;1
157;189;Undirected;1
2;59;Undirected;1
2;189;Undirected;1
59;203;Undirected;1
59;40;Undirected;1
59;189;Undirected;1
203;40;Undirected;1
203;189;Undirected;1
40;189;Undirected;1
39;145;Undirected;1
78;35;Undirected;1
115;111;Undirected;1
22;273;Undirected;1
22;249;Undirected;1
273;249;Undirected;1
2;249;Undirected;1
181;137;Undirected;1
211;68;Undirected;1
32;155;Undirected;1
93;64;Undirected;1
93;111;Undirected;1
151;94;Undirected;1
181;94;Undirected;1
4;327;Undirected;1
2;327;Undirected;2
60;56;Undirected;1
181;56;Undirected;1
347;337;Undirected;1
101;279;Undirected;1
159;279;Undirected;1
50;161;Undirected;1
50;111;Undirected;1
139;191;Undirected;2
347;137;Undirected;1
347;13;Undirected;1
245;181;Undirected;3
245;88;Undirected;1
181;88;Undirected;4
91;203;Undirected;1
4;203;Undirected;1
161;49;Undirected;1
161;105;Undirected;1
131;49;Undirected;1
131;105;Undirected;1
49;105;Undirected;1
157;135;Undirected;1
181;135;Undirected;1
151;59;Undirected;1
82;213;Undirected;2
82;100;Undirected;1
213;100;Undirected;1
213;59;Undirected;1
100;59;Undirected;1
313;321;Undirected;1
42;321;Undirected;1
151;251;Undirected;1
117;257;Undirected;1
343;325;Undirected;1
325;167;Undirected;1
39;115;Undirected;1
185;331;Undirected;1
185;115;Undirected;1
331;115;Undirected;1
157;347;Undirected;1
157;103;Undirected;1
347;103;Undirected;1
16;103;Undirected;1
93;39;Undirected;1
173;239;Undirected;1
173;88;Undirected;1
239;88;Undirected;1
88;111;Undirected;3
50;13;Undirected;1
63;13;Undirected;1
145;85;Undirected;1
1;247;Undirected;2
39;247;Undirected;1
339;94;Undirected;2
127;191;Undirected;1
127;325;Undirected;1
191;325;Undirected;1
337;53;Undirected;1
9;53;Undirected;2
53;155;Undirected;1
153;135;Undirected;1
27;127;Undirected;1
187;34;Undirected;1
187;297;Undirected;1
34;297;Undirected;1
141;82;Undirected;1
23;67;Undirected;1
245;62;Undirected;1
245;109;Undirected;1
245;221;Undirected;1
62;109;Undirected;1
62;221;Undirected;1
109;221;Undirected;1
181;95;Undirected;1
181;102;Undirected;1
181;213;Undirected;1
95;102;Undirected;1
95;82;Undirected;1
102;82;Undirected;1
84;45;Undirected;1
84;108;Undirected;1
84;247;Undirected;1
84;307;Undirected;1
84;102;Undirected;1
84;159;Undirected;1
84;100;Undirected;1
84;99;Undirected;1
45;108;Undirected;1
45;247;Undirected;1
45;307;Undirected;1
45;102;Undirected;1
45;159;Undirected;1
45;100;Undirected;1
45;99;Undirected;1
108;247;Undirected;1
108;307;Undirected;1
108;102;Undirected;1
108;99;Undirected;1
247;307;Undirected;1
247;102;Undirected;1
247;159;Undirected;1
247;100;Undirected;1
247;99;Undirected;1
307;102;Undirected;1
307;159;Undirected;1
307;100;Undirected;2
307;99;Undirected;1
102;159;Undirected;1
102;99;Undirected;1
159;100;Undirected;1
159;99;Undirected;1
100;99;Undirected;1
299;74;Undirected;1
355;69;Undirected;1
27;149;Undirected;1
149;82;Undirected;1
107;139;Undirected;1
107;16;Undirected;1
107;323;Undirected;1
107;249;Undirected;1
139;323;Undirected;1
139;249;Undirected;1
16;323;Undirected;1
16;249;Undirected;1
323;249;Undirected;1
209;74;Undirected;1
209;69;Undirected;1
74;69;Undirected;1
333;247;Undirected;1
333;57;Undirected;1
247;111;Undirected;1
341;2;Undirected;1
341;111;Undirected;1
90;127;Undirected;1
90;19;Undirected;1
90;44;Undirected;1
90;96;Undirected;1
92;131;Undirected;1
92;127;Undirected;1
92;44;Undirected;1
92;96;Undirected;1
131;127;Undirected;1
131;19;Undirected;1
131;44;Undirected;1
131;96;Undirected;1
127;44;Undirected;1
127;96;Undirected;1
19;44;Undirected;1
19;96;Undirected;1
44;96;Undirected;1
259;84;Undirected;1
259;95;Undirected;1
84;95;Undirected;1
95;2;Undirected;1
58;82;Undirected;1
151;28;Undirected;1
157;149;Undirected;1
149;18;Undirected;1
38;267;Undirected;1
247;267;Undirected;2
267;82;Undirected;1
225;157;Undirected;1
225;141;Undirected;1
225;35;Undirected;1
225;305;Undirected;1
157;35;Undirected;1
157;305;Undirected;1
141;35;Undirected;1
141;2;Undirected;1
141;305;Undirected;1
35;305;Undirected;1
2;305;Undirected;1
91;211;Undirected;1
91;51;Undirected;1
245;277;Undirected;1
245;111;Undirected;1
245;315;Undirected;3
277;111;Undirected;1
277;315;Undirected;3
67;111;Undirected;1
67;315;Undirected;3
111;315;Undirected;3
315;315;Undirected;3
43;159;Undirected;1
43;2;Undirected;1
157;273;Undirected;1
273;123;Undirected;1
1;127;Undirected;1
127;247;Undirected;1
243;251;Undirected;1
243;269;Undirected;1
251;269;Undirected;1
127;115;Undirected;1
9;175;Undirected;1
329;57;Undirected;1
329;319;Undirected;2
329;111;Undirected;1
319;111;Undirected;2
57;289;Undirected;1
183;289;Undirected;1
36;195;Undirected;1
36;2;Undirected;1
36;30;Undirected;1
195;30;Undirected;1
57;129;Undirected;1
183;129;Undirected;1
63;57;Undirected;1
193;181;Undirected;2
343;337;Undirected;1
343;139;Undirected;1
343;145;Undirected;1
209;63;Undirected;1
209;95;Undirected;1
63;95;Undirected;1
56;327;Undirected;1
65;145;Undirected;1
65;305;Undirected;1
145;305;Undirected;1
9;24;Undirected;1
139;24;Undirected;1
2;104;Undirected;1
104;24;Undirected;1
93;233;Undirected;1
93;9;Undirected;1
233;9;Undirected;1
165;113;Undirected;1
165;209;Undirected;1
113;209;Undirected;1
261;261;Undirected;1
261;137;Undirected;2
261;139;Undirected;4
137;139;Undirected;2
303;179;Undirected;1
5;151;Undirected;1
227;75;Undirected;1
227;13;Undirected;1
227;177;Undirected;1
75;13;Undirected;1
75;177;Undirected;1
13;177;Undirected;1
151;81;Undirected;1
38;81;Undirected;1
20;29;Undirected;1
153;62;Undirected;1
153;38;Undirected;1
153;66;Undirected;1
153;247;Undirected;1
153;189;Undirected;1
62;38;Undirected;1
62;66;Undirected;1
62;189;Undirected;1
38;189;Undirected;1
66;189;Undirected;1
247;189;Undirected;1
347;303;Undirected;1
347;59;Undirected;1
303;59;Undirected;1
217;293;Undirected;1
271;159;Undirected;1
159;241;Undirected;1
111;241;Undirected;1
60;89;Undirected;1
229;203;Undirected;1
313;307;Undirected;1
313;16;Undirected;1
313;100;Undirected;1
307;16;Undirected;1
111;133;Undirected;1
57;133;Undirected;1
16;179;Undirected;1
16;177;Undirected;1
179;177;Undirected;1
18;49;Undirected;1
49;133;Undirected;1
157;271;Undirected;1
113;233;Undirected;1
113;159;Undirected;1
113;355;Undirected;1
113;177;Undirected;1
233;159;Undirected;1
233;355;Undirected;1
233;177;Undirected;1
159;355;Undirected;1
355;177;Undirected;1
331;82;Undirected;1
333;19;Undirected;1
43;289;Undirected;1
51;343;Undirected;1
51;63;Undirected;1
51;19;Undirected;1
343;63;Undirected;1
343;19;Undirected;1
43;195;Undirected;1
151;143;Undirected;1
151;201;Undirected;1
143;96;Undirected;1
143;201;Undirected;1
2;201;Undirected;1
96;201;Undirected;1
17;151;Undirected;1
17;68;Undirected;1
151;68;Undirected;1
51;53;Undirected;1
53;2;Undirected;1
163;195;Undirected;1
